LOAN_ID,DEFAULTER
3686224,1
3686225,0
3686226,1
3686227,0
3686228,0
3686229,1
3686230,1
3686231,1
3686232,0
3686233,1
3686234,0
3686235,1
3686236,1
3686237,1
3686238,1
3686239,1
3686240,1
3686241,1
3686242,1
3686243,1
3686244,0
3686245,1
3686246,0
3686247,0
3686248,1
3686249,1
3686250,1
3686251,0
3686252,1
3686253,1
3686254,1
3686255,1
3686256,1
3686257,0
3686258,0
3686259,1
3686260,0
3686261,0
3686262,1
3686263,1
3686264,1
3686265,0
3686266,1
3686267,1
3686268,1
3686269,0
3686270,0
3686271,1
3686272,0
3686273,1
3686274,1
3686275,1
3686276,1
3686277,0
3686278,1
3686279,1
3686280,1
3686281,1
3686282,1
3686283,1
3686284,0
3686285,1
3686286,1
3686287,0
3686288,1
3686289,1
3686290,1
3686291,1
3686292,0
3686293,1
3686294,1
3686295,1
3686296,1
3686297,1
3686298,1
3686299,1
3686300,0
3686301,1
3686302,1
3686303,0
3686304,0
3686305,1
3686306,0
3686307,1
3686308,1
3686309,1
3686310,1
3686311,1
3686312,1
3686313,1
3686314,0
3686315,0
3686316,0
3686317,1
3686318,1
3686319,1
3686320,0
3686321,0
3686322,1
3686323,1
3686324,1
3686325,1
3686326,0
3686327,1
3686328,1
3686329,1
3686330,1
3686331,1
3686332,1
3686333,1
3686334,0
3686335,1
3686336,0
3686337,1
3686338,1
3686339,1
3686340,1
3686341,1
3686342,1
3686343,1
3686344,0
3686345,0
3686346,1
3686347,1
3686348,1
3686349,1
3686350,1
3686351,1
3686352,1
3686353,0
3686354,1
3686355,1
3686356,1
3686357,0
3686358,1
3686359,1
3686360,1
3686361,1
3686362,1
3686363,1
3686364,1
3686365,0
3686366,1
3686367,1
3686368,1
3686369,1
3686370,1
3686371,0
3686372,1
3686373,0
3686374,1
3686375,1
3686376,1
3686377,1
3686378,1
3686379,1
3686380,1
3686381,1
3686382,1
3686383,0
3686384,1
3686385,1
3686386,0
3686387,0
3686388,1
3686389,0
3686390,1
3686391,1
3686392,1
3686393,1
3686394,1
3686395,1
3686396,1
3686397,1
3686398,1
3686399,1
3686400,1
3686401,1
3686402,1
3686403,1
3686404,0
3686405,1
3686406,0
3686407,1
3686408,1
3686409,1
3686410,1
3686411,0
3686412,1
3686413,1
3686414,1
3686415,1
3686416,0
3686417,1
3686418,1
3686419,1
3686420,1
3686421,1
3686422,1
3686423,1
3686424,1
3686425,1
3686426,1
3686427,1
3686428,0
3686429,1
3686430,1
3686431,1
3686432,0
3686433,1
3686434,1
3686435,1
3686436,0
3686437,0
3686438,0
3686439,0
3686440,0
3686441,1
3686442,1
3686443,1
3686444,1
3686445,1
3686446,1
3686447,1
3686448,0
3686449,1
3686450,0
3686451,1
3686452,0
3686453,1
3686454,1
3686455,0
3686456,1
3686457,1
3686458,1
3686459,1
3686460,1
3686461,1
3686462,1
3686463,1
3686464,1
3686465,1
3686466,1
3686467,1
3686468,0
3686469,1
3686470,0
3686471,1
3686472,0
3686473,0
3686474,0
3686475,0
3686476,1
3686477,1
3686478,1
3686479,1
3686480,1
3686481,1
3686482,1
3686483,1
3686484,1
3686485,1
3686486,0
3686487,1
3686488,1
3686489,1
3686490,1
3686491,1
3686492,1
3686493,1
3686494,0
3686495,1
3686496,1
3686497,0
3686498,0
3686499,1
3686500,1
3686501,1
3686502,1
3686503,1
3686504,0
3686505,0
3686506,0
3686507,1
3686508,1
3686509,1
3686510,0
3686511,1
3686512,1
3686513,1
3686514,1
3686515,1
3686516,1
3686517,0
3686518,1
3686519,1
3686520,0
3686521,1
3686522,1
3686523,1
3686524,0
3686525,1
3686526,1
3686527,1
3686528,1
3686529,1
3686530,0
3686531,1
3686532,1
3686533,1
3686534,0
3686535,1
3686536,1
3686537,0
3686538,1
3686539,1
3686540,1
3686541,1
3686542,0
3686543,1
3686544,1
3686545,1
3686546,1
3686547,1
3686548,1
3686549,1
3686550,0
3686551,1
3686552,1
3686553,0
3686554,1
3686555,1
3686556,0
3686557,1
3686558,1
3686559,1
3686560,1
3686561,1
3686562,1
3686563,1
3686564,1
3686565,1
3686566,1
3686567,1
3686568,1
3686569,1
3686570,1
3686571,1
3686572,1
3686573,1
3686574,1
3686575,1
3686576,1
3686577,1
3686578,1
3686579,1
3686580,1
3686581,1
3686582,0
3686583,1
3686584,0
3686585,1
3686586,1
3686587,0
3686588,1
3686589,1
3686590,1
3686591,1
3686592,1
3686593,1
3686594,1
3686595,1
3686596,1
3686597,1
3686598,1
3686599,1
3686600,0
3686601,0
3686602,0
3686603,1
3686604,1
3686605,1
3686606,1
3686607,1
3686608,1
3686609,0
3686610,0
3686611,1
3686612,0
3686613,1
3686614,1
3686615,1
3686616,1
3686617,1
3686618,0
3686619,1
3686620,1
3686621,1
3686622,0
3686623,1
3686624,1
3686625,1
3686626,0
3686627,1
3686628,1
3686629,1
3686630,1
3686631,1
3686632,1
3686633,1
3686634,1
3686635,1
3686636,1
3686637,1
3686638,1
3686639,1
3686640,1
3686641,1
3686642,1
3686643,0
3686644,1
3686645,1
3686646,1
3686647,0
3686648,1
3686649,1
3686650,1
3686651,1
3686652,1
3686653,1
3686654,1
3686655,1
3686656,1
3686657,1
3686658,1
3686659,1
3686660,1
3686661,1
3686662,1
3686663,1
3686664,1
3686665,1
3686666,1
3686667,1
3686668,1
3686669,1
3686670,1
3686671,1
3686672,0
3686673,1
3686674,0
3686675,1
3686676,1
3686677,1
3686678,1
3686679,1
3686680,1
3686681,1
3686682,1
3686683,1
3686684,0
3686685,1
3686686,1
3686687,1
3686688,1
3686689,1
3686690,1
3686691,1
3686692,1
3686693,1
3686694,1
3686695,1
3686696,1
3686697,1
3686698,1
3686699,1
3686700,1
3686701,0
3686702,1
3686703,1
3686704,1
3686705,1
3686706,1
3686707,1
3686708,1
3686709,1
3686710,1
3686711,1
3686712,0
3686713,1
3686714,1
3686715,1
3686716,0
3686717,1
3686718,1
3686719,1
3686720,1
3686721,1
3686722,1
3686723,0
3686724,1
3686725,0
3686726,0
3686727,1
3686728,1
3686729,1
3686730,0
3686731,1
3686732,1
3686733,0
3686734,1
3686735,0
3686736,1
3686737,1
3686738,1
3686739,1
3686740,1
3686741,0
3686742,0
3686743,0
3686744,1
3686745,1
3686746,1
3686747,0
3686748,1
3686749,1
3686750,1
3686751,1
3686752,1
3686753,1
3686754,1
3686755,1
3686756,0
3686757,1
3686758,1
3686759,1
3686760,1
3686761,0
3686762,1
3686763,0
3686764,1
3686765,0
3686766,1
3686767,1
3686768,0
3686769,0
3686770,1
3686771,1
3686772,1
3686773,1
3686774,1
3686775,1
3686776,1
3686777,1
3686778,1
3686779,1
3686780,0
3686781,1
3686782,1
3686783,0
3686784,1
3686785,1
3686786,0
3686787,1
3686788,1
3686789,1
3686790,1
3686791,1
3686792,1
3686793,0
3686794,1
3686795,1
3686796,1
3686797,1
3686798,1
3686799,0
3686800,1
3686801,1
3686802,1
3686803,1
3686804,1
3686805,1
3686806,1
3686807,1
3686808,1
3686809,0
3686810,1
3686811,1
3686812,0
3686813,1
3686814,1
3686815,1
3686816,1
3686817,1
3686818,1
3686819,1
3686820,1
3686821,0
3686822,1
3686823,0
3686824,0
3686825,1
3686826,1
3686827,0
3686828,1
3686829,0
3686830,0
3686831,1
3686832,1
3686833,0
3686834,1
3686835,1
3686836,1
3686837,1
3686838,1
3686839,1
3686840,1
3686841,0
3686842,0
3686843,1
3686844,0
3686845,1
3686846,1
3686847,1
3686848,1
3686849,1
3686850,0
3686851,0
3686852,1
3686853,1
3686854,0
3686855,0
3686856,1
3686857,1
3686858,1
3686859,1
3686860,1
3686861,1
3686862,1
3686863,1
3686864,1
3686865,1
3686866,1
3686867,1
3686868,1
3686869,1
3686870,1
3686871,1
3686872,1
3686873,1
3686874,1
3686875,1
3686876,1
3686877,1
3686878,0
3686879,0
3686880,1
3686881,1
3686882,1
3686883,1
3686884,1
3686885,1
3686886,0
3686887,1
3686888,0
3686889,1
3686890,1
3686891,1
3686892,1
3686893,1
3686894,0
3686895,1
3686896,1
3686897,1
3686898,1
3686899,0
3686900,1
3686901,1
3686902,0
3686903,1
3686904,1
3686905,1
3686906,1
3686907,1
3686908,0
3686909,0
3686910,0
3686911,1
3686912,1
3686913,0
3686914,1
3686915,1
3686916,1
3686917,1
3686918,1
3686919,0
3686920,0
3686921,1
3686922,0
3686923,0
3686924,1
3686925,1
3686926,1
3686927,1
3686928,1
3686929,0
3686930,1
3686931,0
3686932,1
3686933,1
3686934,1
3686935,0
3686936,1
3686937,1
3686938,1
3686939,1
3686940,1
3686941,1
3686942,0
3686943,1
3686944,0
3686945,0
3686946,1
3686947,1
3686948,1
3686949,1
3686950,0
3686951,1
3686952,1
3686953,0
3686954,0
3686955,1
3686956,1
3686957,1
3686958,1
3686959,0
3686960,1
3686961,1
3686962,1
3686963,1
3686964,1
3686965,1
3686966,1
3686967,1
3686968,1
3686969,1
3686970,1
3686971,1
3686972,1
3686973,1
3686974,1
3686975,1
3686976,1
3686977,1
3686978,1
3686979,0
3686980,1
3686981,1
3686982,1
3686983,0
3686984,1
3686985,0
3686986,1
3686987,0
3686988,1
3686989,1
3686990,1
3686991,1
3686992,1
3686993,1
3686994,1
3686995,1
3686996,1
3686997,1
3686998,1
3686999,1
3687000,0
3687001,1
3687002,1
3687003,1
3687004,0
3687005,0
3687006,0
3687007,1
3687008,1
3687009,1
3687010,0
3687011,0
3687012,1
3687013,1
3687014,1
3687015,1
3687016,1
3687017,1
3687018,1
3687019,0
3687020,1
3687021,0
3687022,1
3687023,1
3687024,1
3687025,1
3687026,0
3687027,1
3687028,1
3687029,1
3687030,0
3687031,0
3687032,1
3687033,1
3687034,0
3687035,1
3687036,1
3687037,1
3687038,1
3687039,1
3687040,1
3687041,0
3687042,0
3687043,1
3687044,0
3687045,1
3687046,0
3687047,1
3687048,0
3687049,1
3687050,1
3687051,1
3687052,1
3687053,1
3687054,1
3687055,1
3687056,1
3687057,0
3687058,1
3687059,1
3687060,0
3687061,0
3687062,1
3687063,1
3687064,1
3687065,0
3687066,1
3687067,1
3687068,1
3687069,1
3687070,0
3687071,1
3687072,1
3687073,1
3687074,1
3687075,1
3687076,1
3687077,0
3687078,1
3687079,1
3687080,1
3687081,1
3687082,1
3687083,1
3687084,1
3687085,1
3687086,1
3687087,1
3687088,1
3687089,1
3687090,0
3687091,1
3687092,1
3687093,1
3687094,0
3687095,1
3687096,0
3687097,1
3687098,1
3687099,1
3687100,1
3687101,1
3687102,1
3687103,1
3687104,1
3687105,0
3687106,1
3687107,1
3687108,0
3687109,0
3687110,1
3687111,1
3687112,1
3687113,1
3687114,1
3687115,1
3687116,1
3687117,1
3687118,1
3687119,0
3687120,0
3687121,0
3687122,1
3687123,0
3687124,0
3687125,1
3687126,0
3687127,1
3687128,1
3687129,1
3687130,1
3687131,1
3687132,1
3687133,1
3687134,1
3687135,1
3687136,1
3687137,0
3687138,1
3687139,1
3687140,1
3687141,0
3687142,1
3687143,1
3687144,1
3687145,1
3687146,0
3687147,1
3687148,0
3687149,0
3687150,1
3687151,1
3687152,0
3687153,1
3687154,0
3687155,1
3687156,1
3687157,1
3687158,1
3687159,1
3687160,1
3687161,0
3687162,1
3687163,0
3687164,1
3687165,1
3687166,1
3687167,1
3687168,1
3687169,1
3687170,1
3687171,1
3687172,1
3687173,1
3687174,1
3687175,1
3687176,1
3687177,1
3687178,1
3687179,1
3687180,1
3687181,1
3687182,1
3687183,1
3687184,1
3687185,1
3687186,1
3687187,0
3687188,1
3687189,1
3687190,1
3687191,1
3687192,1
3687193,1
3687194,1
3687195,1
3687196,0
3687197,0
3687198,1
3687199,1
3687200,1
3687201,1
3687202,1
3687203,1
3687204,1
3687205,0
3687206,1
3687207,1
3687208,1
3687209,1
3687210,1
3687211,1
3687212,1
3687213,1
3687214,1
3687215,1
3687216,1
3687217,1
3687218,1
3687219,1
3687220,0
3687221,1
3687222,1
3687223,1
3687224,1
3687225,1
3687226,1
3687227,1
3687228,1
3687229,0
3687230,1
3687231,1
3687232,1
3687233,1
3687234,0
3687235,1
3687236,1
3687237,1
3687238,1
3687239,0
3687240,1
3687241,1
3687242,1
3687243,0
3687244,1
3687245,1
3687246,0
3687247,0
3687248,0
3687249,1
3687250,1
3687251,1
3687252,1
3687253,1
3687254,1
3687255,1
3687256,1
3687257,1
3687258,1
3687259,1
3687260,1
3687261,1
3687262,0
3687263,1
3687264,1
3687265,0
3687266,0
3687267,1
3687268,1
3687269,1
3687270,1
3687271,0
3687272,1
3687273,1
3687274,1
3687275,1
3687276,0
3687277,1
3687278,1
3687279,1
3687280,1
3687281,1
3687282,1
3687283,0
3687284,1
3687285,1
3687286,1
3687287,1
3687288,1
3687289,1
3687290,1
3687291,1
3687292,1
3687293,1
3687294,0
3687295,1
3687296,1
3687297,1
3687298,1
3687299,1
3687300,1
3687301,1
3687302,1
3687303,0
3687304,1
3687305,0
3687306,1
3687307,0
3687308,0
3687309,1
3687310,1
3687311,0
3687312,0
3687313,1
3687314,1
3687315,1
3687316,1
3687317,0
3687318,1
3687319,1
3687320,1
3687321,1
3687322,1
3687323,1
3687324,1
3687325,1
3687326,1
3687327,1
3687328,1
3687329,1
3687330,1
3687331,0
3687332,0
3687333,1
3687334,1
3687335,1
3687336,1
3687337,1
3687338,1
3687339,1
3687340,0
3687341,0
3687342,1
3687343,1
3687344,1
3687345,1
3687346,1
3687347,1
3687348,1
3687349,0
3687350,1
3687351,1
3687352,1
3687353,1
3687354,1
3687355,0
3687356,1
3687357,1
3687358,1
3687359,0
3687360,1
3687361,1
3687362,1
3687363,0
3687364,1
3687365,1
3687366,1
3687367,0
3687368,1
3687369,0
3687370,1
3687371,1
3687372,1
3687373,1
3687374,0
3687375,0
3687376,0
3687377,1
3687378,1
3687379,0
3687380,1
3687381,1
3687382,1
3687383,0
3687384,1
3687385,1
3687386,1
3687387,1
3687388,1
3687389,1
3687390,0
3687391,1
3687392,1
3687393,0
3687394,0
3687395,0
3687396,1
3687397,1
3687398,1
3687399,1
3687400,1
3687401,0
3687402,1
3687403,1
3687404,1
3687405,1
3687406,1
3687407,1
3687408,1
3687409,1
3687410,0
3687411,0
3687412,1
3687413,1
3687414,1
3687415,1
3687416,1
3687417,0
3687418,1
3687419,1
3687420,1
3687421,0
3687422,1
3687423,1
3687424,1
3687425,1
3687426,1
3687427,1
3687428,1
3687429,1
3687430,1
3687431,1
3687432,0
3687433,0
3687434,1
3687435,1
3687436,0
3687437,0
3687438,1
3687439,1
3687440,1
3687441,1
3687442,1
3687443,0
3687444,1
3687445,1
3687446,1
3687447,1
3687448,0
3687449,1
3687450,0
3687451,0
3687452,1
3687453,1
3687454,1
3687455,1
3687456,1
3687457,0
3687458,1
3687459,0
3687460,0
3687461,1
3687462,1
3687463,1
3687464,1
3687465,0
3687466,0
3687467,0
3687468,1
3687469,1
3687470,1
3687471,1
3687472,1
3687473,0
3687474,0
3687475,1
3687476,0
3687477,1
3687478,0
3687479,0
3687480,1
3687481,1
3687482,0
3687483,1
3687484,1
3687485,1
3687486,0
3687487,1
3687488,0
3687489,1
3687490,1
3687491,1
3687492,1
3687493,1
3687494,0
3687495,1
3687496,1
3687497,1
3687498,1
3687499,0
3687500,1
3687501,1
3687502,1
3687503,1
3687504,0
3687505,0
3687506,1
3687507,1
3687508,1
3687509,1
3687510,1
3687511,0
3687512,1
3687513,1
3687514,1
3687515,1
3687516,1
3687517,1
3687518,0
3687519,1
3687520,1
3687521,0
3687522,1
3687523,1
3687524,1
3687525,1
3687526,1
3687527,1
3687528,1
3687529,0
3687530,0
3687531,1
3687532,0
3687533,1
3687534,1
3687535,1
3687536,1
3687537,1
3687538,1
3687539,1
3687540,1
3687541,1
3687542,1
3687543,1
3687544,0
3687545,0
3687546,1
3687547,1
3687548,1
3687549,0
3687550,1
3687551,1
3687552,1
3687553,1
3687554,1
3687555,1
3687556,1
3687557,1
3687558,1
3687559,0
3687560,1
3687561,1
3687562,0
3687563,1
3687564,1
3687565,1
3687566,1
3687567,1
3687568,1
3687569,1
3687570,0
3687571,1
3687572,1
3687573,1
3687574,0
3687575,1
3687576,0
3687577,1
3687578,1
3687579,0
3687580,1
3687581,1
3687582,1
3687583,1
3687584,1
3687585,1
3687586,1
3687587,0
3687588,1
3687589,1
3687590,1
3687591,1
3687592,1
3687593,1
3687594,1
3687595,1
3687596,1
3687597,1
3687598,1
3687599,0
3687600,1
3687601,1
3687602,1
3687603,1
3687604,1
3687605,0
3687606,1
3687607,1
3687608,1
3687609,1
3687610,0
3687611,1
3687612,1
3687613,1
3687614,1
3687615,1
3687616,1
3687617,1
3687618,0
3687619,1
3687620,1
3687621,1
3687622,1
3687623,1
3687624,1
3687625,1
3687626,1
3687627,0
3687628,0
3687629,1
3687630,1
3687631,1
3687632,1
3687633,1
3687634,1
3687635,0
3687636,1
3687637,1
3687638,1
3687639,1
3687640,1
3687641,1
3687642,1
3687643,1
3687644,1
3687645,1
3687646,1
3687647,1
3687648,0
3687649,1
3687650,1
3687651,1
3687652,1
3687653,1
3687654,1
3687655,1
3687656,0
3687657,1
3687658,1
3687659,1
3687660,1
3687661,1
3687662,1
3687663,1
3687664,1
3687665,1
3687666,1
3687667,1
3687668,1
3687669,1
3687670,1
3687671,1
3687672,1
3687673,1
3687674,1
3687675,1
3687676,0
3687677,1
3687678,1
3687679,1
3687680,1
3687681,0
3687682,1
3687683,1
3687684,1
3687685,1
3687686,1
3687687,1
3687688,1
3687689,1
3687690,1
3687691,1
3687692,1
3687693,1
3687694,1
3687695,0
3687696,1
3687697,1
3687698,1
3687699,1
3687700,1
3687701,1
3687702,1
3687703,1
3687704,1
3687705,1
3687706,0
3687707,1
3687708,1
3687709,1
3687710,1
3687711,0
3687712,1
3687713,1
3687714,1
3687715,0
3687716,1
3687717,0
3687718,1
3687719,1
3687720,1
3687721,1
3687722,1
3687723,1
3687724,1
3687725,1
3687726,1
3687727,1
3687728,1
3687729,1
3687730,1
3687731,1
3687732,0
3687733,1
3687734,1
3687735,1
3687736,1
3687737,1
3687738,1
3687739,1
3687740,1
3687741,0
3687742,1
3687743,1
3687744,1
3687745,1
3687746,1
3687747,1
3687748,1
3687749,1
3687750,1
3687751,1
3687752,1
3687753,1
3687754,1
3687755,0
3687756,1
3687757,1
3687758,0
3687759,0
3687760,1
3687761,1
3687762,0
3687763,1
3687764,1
3687765,0
3687766,1
3687767,1
3687768,1
3687769,1
3687770,1
3687771,1
3687772,1
3687773,1
3687774,1
3687775,1
3687776,1
3687777,0
3687778,1
3687779,1
3687780,1
3687781,1
3687782,1
3687783,0
3687784,1
3687785,0
3687786,1
3687787,0
3687788,1
3687789,1
3687790,1
3687791,1
3687792,1
3687793,1
3687794,0
3687795,0
3687796,0
3687797,0
3687798,1
3687799,1
3687800,1
3687801,1
3687802,1
3687803,1
3687804,0
3687805,0
3687806,1
3687807,1
3687808,1
3687809,1
3687810,1
3687811,1
3687812,0
3687813,1
3687814,1
3687815,1
3687816,1
3687817,1
3687818,1
3687819,1
3687820,1
3687821,1
3687822,1
3687823,1
3687824,1
3687825,0
3687826,1
3687827,0
3687828,1
3687829,1
3687830,1
3687831,0
3687832,1
3687833,1
3687834,0
3687835,1
3687836,1
3687837,1
3687838,1
3687839,0
3687840,1
3687841,1
3687842,0
3687843,1
3687844,1
3687845,1
3687846,1
3687847,1
3687848,1
3687849,1
3687850,1
3687851,1
3687852,0
3687853,1
3687854,0
3687855,1
3687856,0
3687857,0
3687858,1
3687859,1
3687860,1
3687861,1
3687862,1
3687863,1
3687864,1
3687865,1
3687866,1
3687867,1
3687868,0
3687869,1
3687870,1
3687871,1
3687872,1
3687873,0
3687874,1
3687875,1
3687876,1
3687877,1
3687878,1
3687879,1
3687880,1
3687881,0
3687882,1
3687883,0
3687884,1
3687885,1
3687886,1
3687887,0
3687888,1
3687889,1
3687890,1
3687891,1
3687892,0
3687893,1
3687894,1
3687895,1
3687896,0
3687897,0
3687898,1
3687899,1
3687900,0
3687901,1
3687902,1
3687903,0
3687904,0
3687905,1
3687906,1
3687907,1
3687908,1
3687909,1
3687910,1
3687911,1
3687912,1
3687913,1
3687914,1
3687915,1
3687916,1
3687917,0
3687918,1
3687919,1
3687920,1
3687921,0
3687922,0
3687923,1
3687924,1
3687925,1
3687926,1
3687927,1
3687928,1
3687929,1
3687930,0
3687931,1
3687932,1
3687933,1
3687934,1
3687935,1
3687936,1
3687937,1
3687938,0
3687939,1
3687940,0
3687941,1
3687942,1
3687943,0
3687944,1
3687945,1
3687946,1
3687947,1
3687948,0
3687949,1
3687950,1
3687951,1
3687952,1
3687953,1
3687954,0
3687955,1
3687956,1
3687957,0
3687958,0
3687959,1
3687960,0
3687961,1
3687962,1
3687963,1
3687964,0
3687965,1
3687966,1
3687967,1
3687968,1
3687969,1
3687970,0
3687971,1
3687972,0
3687973,1
3687974,0
3687975,0
3687976,1
3687977,1
3687978,1
3687979,1
3687980,1
3687981,1
3687982,0
3687983,1
3687984,1
3687985,1
3687986,1
3687987,1
3687988,1
3687989,1
3687990,1
3687991,0
3687992,1
3687993,1
3687994,1
3687995,1
3687996,1
3687997,0
3687998,1
3687999,1
3688000,1
3688001,0
3688002,0
3688003,1
3688004,1
3688005,1
3688006,1
3688007,1
3688008,1
3688009,1
3688010,1
3688011,0
3688012,0
3688013,0
3688014,1
3688015,1
3688016,1
3688017,0
3688018,1
3688019,1
3688020,1
3688021,0
3688022,1
3688023,1
3688024,1
3688025,1
3688026,1
3688027,1
3688028,1
3688029,1
3688030,1
3688031,1
3688032,1
3688033,1
3688034,1
3688035,1
3688036,1
3688037,1
3688038,1
3688039,0
3688040,1
3688041,1
3688042,1
3688043,1
3688044,1
3688045,1
3688046,1
3688047,1
3688048,1
3688049,1
3688050,1
3688051,1
3688052,1
3688053,1
3688054,1
3688055,1
3688056,0
3688057,1
3688058,1
3688059,1
3688060,1
3688061,1
3688062,1
3688063,0
3688064,1
3688065,1
3688066,0
3688067,1
3688068,1
3688069,1
3688070,1
3688071,1
3688072,1
3688073,1
3688074,1
3688075,0
3688076,0
3688077,1
3688078,0
3688079,0
3688080,1
3688081,1
3688082,1
3688083,0
3688084,1
3688085,1
3688086,1
3688087,0
3688088,1
3688089,0
3688090,0
3688091,1
3688092,1
3688093,1
3688094,1
3688095,1
3688096,1
3688097,1
3688098,1
3688099,0
3688100,1
3688101,1
3688102,0
3688103,1
3688104,1
3688105,1
3688106,1
3688107,1
3688108,1
3688109,0
3688110,1
3688111,1
3688112,1
3688113,1
3688114,0
3688115,1
3688116,1
3688117,1
3688118,1
3688119,1
3688120,1
3688121,0
3688122,1
3688123,1
3688124,0
3688125,1
3688126,1
3688127,0
3688128,1
3688129,1
3688130,0
3688131,1
3688132,1
3688133,1
3688134,0
3688135,1
3688136,1
3688137,1
3688138,1
3688139,1
3688140,1
3688141,1
3688142,1
3688143,1
3688144,1
3688145,1
3688146,1
3688147,1
3688148,1
3688149,0
3688150,1
3688151,1
3688152,1
3688153,1
3688154,0
3688155,1
3688156,1
3688157,1
3688158,0
3688159,0
3688160,1
3688161,1
3688162,1
3688163,0
3688164,1
3688165,1
3688166,1
3688167,1
3688168,1
3688169,1
3688170,0
3688171,0
3688172,1
3688173,1
3688174,1
3688175,1
3688176,1
3688177,1
3688178,1
3688179,1
3688180,1
3688181,1
3688182,1
3688183,0
3688184,0
3688185,1
3688186,1
3688187,0
3688188,1
3688189,1
3688190,0
3688191,1
3688192,1
3688193,1
3688194,1
3688195,1
3688196,1
3688197,1
3688198,1
3688199,1
3688200,0
3688201,1
3688202,1
3688203,1
3688204,0
3688205,1
3688206,0
3688207,0
3688208,1
3688209,1
3688210,1
3688211,1
3688212,1
3688213,1
3688214,1
3688215,0
3688216,1
3688217,1
3688218,1
3688219,1
3688220,1
3688221,1
3688222,1
3688223,1
3688224,1
3688225,1
3688226,0
3688227,1
3688228,0
3688229,1
3688230,1
3688231,1
3688232,0
3688233,0
3688234,1
3688235,1
3688236,1
3688237,1
3688238,1
3688239,1
3688240,1
3688241,0
3688242,1
3688243,1
3688244,1
3688245,1
3688246,1
3688247,0
3688248,1
3688249,0
3688250,1
3688251,1
3688252,1
3688253,1
3688254,0
3688255,1
3688256,1
3688257,1
3688258,1
3688259,1
3688260,1
3688261,1
3688262,1
3688263,1
3688264,1
3688265,1
3688266,1
3688267,1
3688268,1
3688269,1
3688270,0
3688271,0
3688272,1
3688273,1
3688274,1
3688275,0
3688276,1
3688277,1
3688278,1
3688279,1
3688280,0
3688281,0
3688282,1
3688283,1
3688284,1
3688285,0
3688286,1
3688287,0
3688288,1
3688289,1
3688290,1
3688291,1
3688292,0
3688293,1
3688294,1
3688295,1
3688296,1
3688297,1
3688298,1
3688299,1
3688300,1
3688301,1
3688302,1
3688303,1
3688304,1
3688305,1
3688306,1
3688307,1
3688308,1
3688309,1
3688310,0
3688311,1
3688312,0
3688313,1
3688314,1
3688315,1
3688316,1
3688317,1
3688318,1
3688319,1
3688320,0
3688321,1
3688322,1
3688323,1
3688324,1
3688325,1
3688326,1
3688327,1
3688328,1
3688329,0
3688330,1
3688331,1
3688332,1
3688333,1
3688334,1
3688335,1
3688336,1
3688337,1
3688338,1
3688339,1
3688340,1
3688341,0
3688342,1
3688343,1
3688344,1
3688345,1
3688346,1
3688347,1
3688348,1
3688349,0
3688350,0
3688351,1
3688352,1
3688353,1
3688354,1
3688355,1
3688356,1
3688357,1
3688358,1
3688359,1
3688360,1
3688361,1
3688362,0
3688363,1
3688364,1
3688365,1
3688366,1
3688367,1
3688368,1
3688369,1
3688370,1
3688371,1
3688372,1
3688373,1
3688374,0
3688375,0
3688376,1
3688377,1
3688378,0
3688379,1
3688380,1
3688381,1
3688382,1
3688383,1
3688384,1
3688385,0
3688386,0
3688387,0
3688388,1
3688389,0
3688390,1
3688391,1
3688392,1
3688393,1
3688394,1
3688395,1
3688396,1
3688397,1
3688398,1
3688399,1
3688400,1
3688401,1
3688402,1
3688403,1
3688404,1
3688405,0
3688406,0
3688407,1
3688408,1
3688409,0
3688410,0
3688411,1
3688412,1
3688413,1
3688414,1
3688415,1
3688416,1
3688417,1
3688418,1
3688419,1
3688420,0
3688421,1
3688422,0
3688423,1
3688424,1
3688425,0
3688426,0
3688427,0
3688428,1
3688429,0
3688430,1
3688431,1
3688432,1
3688433,1
3688434,1
3688435,1
3688436,1
3688437,1
3688438,1
3688439,1
3688440,1
3688441,0
3688442,1
3688443,1
3688444,1
3688445,0
3688446,1
3688447,0
3688448,1
3688449,1
3688450,1
3688451,1
3688452,1
3688453,1
3688454,1
3688455,0
3688456,1
3688457,1
3688458,1
3688459,1
3688460,1
3688461,0
3688462,1
3688463,1
3688464,1
3688465,1
3688466,1
3688467,1
3688468,1
3688469,1
3688470,1
3688471,1
3688472,1
3688473,1
3688474,1
3688475,0
3688476,1
3688477,1
3688478,1
3688479,0
3688480,1
3688481,1
3688482,1
3688483,1
3688484,1
3688485,1
3688486,1
3688487,1
3688488,1
3688489,1
3688490,0
3688491,0
3688492,0
3688493,0
3688494,0
3688495,1
3688496,1
3688497,0
3688498,1
3688499,1
3688500,1
3688501,1
3688502,0
3688503,1
3688504,1
3688505,1
3688506,1
3688507,1
3688508,1
3688509,0
3688510,1
3688511,1
3688512,0
3688513,0
3688514,1
3688515,1
3688516,1
3688517,1
3688518,0
3688519,1
3688520,1
3688521,1
3688522,0
3688523,1
3688524,1
3688525,1
3688526,0
3688527,1
3688528,1
3688529,1
3688530,1
3688531,1
3688532,1
3688533,1
3688534,1
3688535,1
3688536,1
3688537,1
3688538,0
3688539,1
3688540,1
3688541,0
3688542,0
3688543,1
3688544,1
3688545,1
3688546,1
3688547,0
3688548,1
3688549,1
3688550,1
3688551,1
3688552,1
3688553,0
3688554,1
3688555,1
3688556,1
3688557,1
3688558,0
3688559,0
3688560,0
3688561,1
3688562,1
3688563,1
3688564,1
3688565,1
3688566,1
3688567,1
3688568,0
3688569,1
3688570,1
3688571,1
3688572,0
3688573,0
3688574,0
3688575,1
3688576,0
3688577,0
3688578,1
3688579,1
3688580,1
3688581,0
3688582,1
3688583,1
3688584,1
3688585,1
3688586,1
3688587,1
3688588,1
3688589,1
3688590,1
3688591,1
3688592,1
3688593,1
3688594,0
3688595,1
3688596,1
3688597,1
3688598,1
3688599,0
3688600,1
3688601,1
3688602,1
3688603,1
3688604,0
3688605,1
3688606,1
3688607,1
